<aiplugin name="msdynaib_ResumeReviewPrompt">
  <humandescription>Act as a HR recruiter, evaluate the given resume from HR perspective.  ResumeText  and compare it against the position requirements:  PositionRequirements 
Give the candidate a ranking from 1-5 based on how closely they meet the job requirements and qualifications with being 5 perfect match and 1 be</humandescription>
  <humanname>Resume Review Prompt</humanname>
  <iscustomizable>1</iscustomizable>
  <modeldescription>Act as a HR recruiter, evaluate the given resume from HR perspective.  ResumeText  and compare it against the position requirements:  PositionRequirements 
Give the candidate a ranking from 1-5 based on how closely they meet the job requirements and qualifications with being 5 perfect match and 1 be</modeldescription>
  <modelname>Resume Review Prompt</modelname>
  <plugintype>0</plugintype>
  <schemaversion>0</schemaversion>
  <statecode>0</statecode>
  <statuscode>1</statuscode>
</aiplugin>