<customapi uniquename="msdyn_aibdptresumereviewprompt4522da392bf246f5816e769317f6b6f9">
  <allowedcustomprocessingsteptype>0</allowedcustomprocessingsteptype>
  <bindingtype>0</bindingtype>
  <description default="Act as a HR recruiter, evaluate the given resume from HR perspective.  ResumeText  and compare it against the position requirements:  PositionRequirements &#xA;Give the candidate a ranking from 1-5 based on how closely they meet the job requirements and qualifications with being 5 perfect match and 1 be">
    <label description="Act as a HR recruiter, evaluate the given resume from HR perspective.  ResumeText  and compare it against the position requirements:  PositionRequirements &#xA;Give the candidate a ranking from 1-5 based on how closely they meet the job requirements and qualifications with being 5 perfect match and 1 be" languagecode="1033" />
  </description>
  <displayname default="Resume Review Prompt">
    <label description="Resume Review Prompt" languagecode="1033" />
  </displayname>
  <iscustomizable>0</iscustomizable>
  <isfunction>0</isfunction>
  <isprivate>0</isprivate>
  <name>ResumeReviewPrompt</name>
  <plugintypeid>
    <plugintypeexportkey>727e8789-bd29-46fa-b00a-3a49605eeb06</plugintypeexportkey>
  </plugintypeid>
  <workflowsdkstepenabled>0</workflowsdkstepenabled>
</customapi>