<customapirequestparameter uniquename="PositionRequirements">
  <description default="PositionRequirements">
    <label description="PositionRequirements" languagecode="1033" />
  </description>
  <displayname default="PositionRequirements">
    <label description="PositionRequirements" languagecode="1033" />
  </displayname>
  <iscustomizable>0</iscustomizable>
  <isoptional>0</isoptional>
  <name>msdyn_aibdpt.PositionRequirements</name>
  <type>10</type>
</customapirequestparameter>