<aipluginoperation aiplugin.name="msdynaib_ResumeReviewPrompt" operationid="msdynaib_ResumeReviewPrompt">
  <aipluginoperationexportkey>aiplugin.name=msdynaib_ResumeReviewPrompt,operationid=msdynaib_ResumeReviewPrompt</aipluginoperationexportkey>
  <customapi>
    <uniquename>msdyn_aibdptresumereviewprompt4522da392bf246f5816e769317f6b6f9</uniquename>
  </customapi>
  <description>Act as a HR recruiter, evaluate the given resume from HR perspective.  ResumeText  and compare it against the position requirements:  PositionRequirements 
Give the candidate a ranking from 1-5 based on how closely they meet the job requirements and qualifications with being 5 perfect match and 1 be</description>
  <iscustomizable>1</iscustomizable>
  <msdyn_aimodel>
    <msdyn_aimodelid>4522da39-2bf2-46f5-816e-769317f6b6f9</msdyn_aimodelid>
  </msdyn_aimodel>
  <name>msdynaib_ResumeReviewPrompt</name>
</aipluginoperation>