{
  "properties": {
    "connectionReferences": {
      "shared_commondataserviceforapps": {
        "runtimeSource": "embedded",
        "connection": {
          "connectionReferenceLogicalName": "ntt_sharedcommondataserviceforapps_2f319"
        },
        "api": {
          "name": "shared_commondataserviceforapps"
        }
      }
    },
    "definition": {
      "$schema": "https://schema.management.azure.com/providers/Microsoft.Logic/schemas/2016-06-01/workflowdefinition.json#",
      "contentVersion": "1.0.0.0",
      "parameters": {
        "$connections": {
          "defaultValue": {},
          "type": "Object"
        },
        "$authentication": {
          "defaultValue": {},
          "type": "SecureObject"
        }
      },
      "triggers": {
        "manual": {
          "metadata": {
            "operationMetadataId": "ad97293c-1ae3-4f01-9748-8c86a46411dc"
          },
          "type": "Request",
          "kind": "Button",
          "inputs": {
            "schema": {
              "type": "object",
              "properties": {
                "text": {
                  "title": "inputResumeText",
                  "type": "string",
                  "x-ms-dynamically-added": true,
                  "description": "Please enter your input",
                  "x-ms-content-hint": "TEXT"
                },
                "text_1": {
                  "title": "inputPositionRequirements",
                  "type": "string",
                  "x-ms-dynamically-added": true,
                  "description": "Please enter your input",
                  "x-ms-content-hint": "TEXT"
                }
              },
              "required": [
                "text",
                "text_1"
              ]
            }
          }
        }
      },
      "actions": {
        "Create_text_with_GPT_using_a_prompt": {
          "runAfter": {},
          "metadata": {
            "operationMetadataId": "3567b631-423f-4344-b301-6695b37ce8b0",
            "flowSystemMetadata": {
              "portalOperationId": "aibuilderpredict_customprompt",
              "portalOperationGroup": "aibuilder",
              "portalOperationApiDisplayNameOverride": "AI Builder",
              "portalOperationIconOverride": "https://content.powerapps.com/resource/makerx/static/pauto/images/designeroperations/aiBuilderNew.51dbdb6b.png",
              "portalOperationBrandColorOverride": "#0A76C4",
              "portalOperationApiTierOverride": "Standard"
            }
          },
          "type": "OpenApiConnection",
          "inputs": {
            "host": {
              "connectionName": "shared_commondataserviceforapps",
              "operationId": "aibuilderpredict_customprompt",
              "apiId": "/providers/Microsoft.PowerApps/apis/shared_commondataserviceforapps"
            },
            "parameters": {
              "recordId": "4522da39-2bf2-46f5-816e-769317f6b6f9",
              "item/requestv2/ResumeText": "@triggerBody()['text']",
              "item/requestv2/PositionRequirements": "@triggerBody()['text_1']"
            },
            "authentication": {
              "type": "Raw",
              "value": "@json(decodeBase64(triggerOutputs().headers['X-MS-APIM-Tokens']))['$ConnectionKey']"
            }
          }
        },
        "TLDRSummaryStart": {
          "runAfter": {
            "Create_text_with_GPT_using_a_prompt": [
              "Succeeded"
            ]
          },
          "metadata": {
            "operationMetadataId": "ee71614a-e49a-4fa8-b013-577e79b9b762"
          },
          "type": "InitializeVariable",
          "inputs": {
            "variables": [
              {
                "name": "TLDRSummaryStart",
                "type": "integer",
                "value": "@add(indexOf(outputs('Create_text_with_GPT_using_a_prompt')?['body/responsev2/predictionOutput/text'],'TLDR Summary:'),length('TLDR Summary: '))"
              }
            ]
          }
        },
        "TLDRSummaryText": {
          "runAfter": {
            "TLDRSummaryStart": [
              "Succeeded"
            ]
          },
          "metadata": {
            "operationMetadataId": "0a8973f8-7e50-4f8d-af1d-8ce8f70fe842"
          },
          "type": "InitializeVariable",
          "inputs": {
            "variables": [
              {
                "name": "TLDRSummaryText",
                "type": "string",
                "value": "@{substring(outputs('Create_text_with_GPT_using_a_prompt')?['body/responsev2/predictionOutput/text'],variables('TLDRSummaryStart'),sub(length(outputs('Create_text_with_GPT_using_a_prompt')?['body/responsev2/predictionOutput/text']),variables('TLDRSummaryStart')))}"
              }
            ]
          }
        },
        "RankingStart": {
          "runAfter": {
            "TLDRSummaryText": [
              "Succeeded"
            ]
          },
          "metadata": {
            "operationMetadataId": "70f8a2a4-9e35-4e71-b697-273a95240013"
          },
          "type": "InitializeVariable",
          "inputs": {
            "variables": [
              {
                "name": "RankingStart",
                "type": "integer",
                "value": "@indexOf(outputs('Create_text_with_GPT_using_a_prompt')?['body/responsev2/predictionOutput/text'],'Ranking: ')"
              }
            ]
          }
        },
        "RankingText": {
          "runAfter": {
            "RankingStart": [
              "Succeeded"
            ]
          },
          "metadata": {
            "operationMetadataId": "3a9da029-cdb2-43fa-8d36-365b942c33e8"
          },
          "type": "InitializeVariable",
          "inputs": {
            "variables": [
              {
                "name": "RankingText",
                "type": "string",
                "value": "@{substring(outputs('Create_text_with_GPT_using_a_prompt')?['body/responsev2/predictionOutput/text'],variables('RankingStart'),length('Ranking: 2.5'))}"
              }
            ]
          }
        },
        "MatchStart": {
          "runAfter": {
            "RankingText": [
              "Succeeded"
            ]
          },
          "metadata": {
            "operationMetadataId": "74437541-31f9-4f2a-804e-cf1494bdaf74"
          },
          "type": "InitializeVariable",
          "inputs": {
            "variables": [
              {
                "name": "MatchStart",
                "type": "integer",
                "value": "@add(indexOf(outputs('Create_text_with_GPT_using_a_prompt')?['body/responsev2/predictionOutput/text'],'Qualifications and Requirements Match:'),length('Qualifications and Requirements Match: '))"
              }
            ]
          }
        },
        "MatchEnd": {
          "runAfter": {
            "MatchStart": [
              "Succeeded"
            ]
          },
          "metadata": {
            "operationMetadataId": "be34509c-fb46-4c7d-bc3f-8c2476d7b9f3"
          },
          "type": "InitializeVariable",
          "inputs": {
            "variables": [
              {
                "name": "MatchEnd",
                "type": "integer",
                "value": "@indexOf(outputs('Create_text_with_GPT_using_a_prompt')?['body/responsev2/predictionOutput/text'],'Qualifications and Requirements Not Match:')"
              }
            ]
          }
        },
        "MatchText": {
          "runAfter": {
            "MatchEnd": [
              "Succeeded"
            ]
          },
          "metadata": {
            "operationMetadataId": "fe2a851f-1f37-490d-9eb0-e05b1ca29f2b"
          },
          "type": "InitializeVariable",
          "inputs": {
            "variables": [
              {
                "name": "MatchText",
                "type": "string",
                "value": "@{substring(outputs('Create_text_with_GPT_using_a_prompt')?['body/responsev2/predictionOutput/text'],variables('MatchStart'),sub(variables('MatchEnd'),variables('MatchStart')))}"
              }
            ]
          }
        },
        "NotMatchStart": {
          "runAfter": {
            "MatchText": [
              "Succeeded"
            ]
          },
          "metadata": {
            "operationMetadataId": "73edd4ab-827b-4ef8-bbd2-ada50508b017"
          },
          "type": "InitializeVariable",
          "inputs": {
            "variables": [
              {
                "name": "NotMatchStart",
                "type": "integer",
                "value": "@add(indexOf(outputs('Create_text_with_GPT_using_a_prompt')?['body/responsev2/predictionOutput/text'],'Qualifications and Requirements Not Match:'),length('Qualifications and Requirements Not Match: '))"
              }
            ]
          }
        },
        "NotMatchEnd": {
          "runAfter": {
            "NotMatchStart": [
              "Succeeded"
            ]
          },
          "metadata": {
            "operationMetadataId": "37c7591a-33c8-4aac-9c05-9bc696ec82d8"
          },
          "type": "InitializeVariable",
          "inputs": {
            "variables": [
              {
                "name": "NotMatchEnd",
                "type": "integer",
                "value": "@indexOf(outputs('Create_text_with_GPT_using_a_prompt')?['body/responsev2/predictionOutput/text'],'Top Strengths of the Candidate:')"
              }
            ]
          }
        },
        "NotMatchText": {
          "runAfter": {
            "NotMatchEnd": [
              "Succeeded"
            ]
          },
          "metadata": {
            "operationMetadataId": "410efaf0-50ed-4a0f-8bdb-d76890b1633c"
          },
          "type": "InitializeVariable",
          "inputs": {
            "variables": [
              {
                "name": "NotMatchText",
                "type": "string",
                "value": "@{substring(outputs('Create_text_with_GPT_using_a_prompt')?['body/responsev2/predictionOutput/text'],variables('NotMatchStart'),sub(variables('NotMatchEnd'),variables('NotMatchStart')))}"
              }
            ]
          }
        }
      },
      "outputs": {}
    },
    "templateName": ""
  },
  "schemaVersion": "1.0.0.0"
}