<ImportExportXml version="9.2.24041.212" SolutionPackageVersion="9.2" languagecode="1033" generatedBy="CrmLive" xmlns:xsi="http://www.w3.org/2001/XMLSchema-instance">
  <SolutionManifest>
    <UniqueName>ResumeReviewWizard</UniqueName>
    <LocalizedNames>
      <LocalizedName description="Resume Review Wizard" languagecode="1033" />
    </LocalizedNames>
    <Descriptions />
    <Version>1.0.0.2</Version>
    <Managed>0</Managed>
    <Publisher>
      <UniqueName>NTT</UniqueName>
      <LocalizedNames>
        <LocalizedName description="NTT" languagecode="1033" />
      </LocalizedNames>
      <Descriptions />
      <EMailAddress xsi:nil="true"></EMailAddress>
      <SupportingWebsiteUrl xsi:nil="true"></SupportingWebsiteUrl>
      <CustomizationPrefix>ntt</CustomizationPrefix>
      <CustomizationOptionValuePrefix>87646</CustomizationOptionValuePrefix>
      <Addresses>
        <Address>
          <AddressNumber>1</AddressNumber>
          <AddressTypeCode>1</AddressTypeCode>
          <City xsi:nil="true"></City>
          <County xsi:nil="true"></County>
          <Country xsi:nil="true"></Country>
          <Fax xsi:nil="true"></Fax>
          <FreightTermsCode xsi:nil="true"></FreightTermsCode>
          <ImportSequenceNumber xsi:nil="true"></ImportSequenceNumber>
          <Latitude xsi:nil="true"></Latitude>
          <Line1 xsi:nil="true"></Line1>
          <Line2 xsi:nil="true"></Line2>
          <Line3 xsi:nil="true"></Line3>
          <Longitude xsi:nil="true"></Longitude>
          <Name xsi:nil="true"></Name>
          <PostalCode xsi:nil="true"></PostalCode>
          <PostOfficeBox xsi:nil="true"></PostOfficeBox>
          <PrimaryContactName xsi:nil="true"></PrimaryContactName>
          <ShippingMethodCode>1</ShippingMethodCode>
          <StateOrProvince xsi:nil="true"></StateOrProvince>
          <Telephone1 xsi:nil="true"></Telephone1>
          <Telephone2 xsi:nil="true"></Telephone2>
          <Telephone3 xsi:nil="true"></Telephone3>
          <TimeZoneRuleVersionNumber xsi:nil="true"></TimeZoneRuleVersionNumber>
          <UPSZone xsi:nil="true"></UPSZone>
          <UTCOffset xsi:nil="true"></UTCOffset>
          <UTCConversionTimeZoneCode xsi:nil="true"></UTCConversionTimeZoneCode>
        </Address>
        <Address>
          <AddressNumber>2</AddressNumber>
          <AddressTypeCode>1</AddressTypeCode>
          <City xsi:nil="true"></City>
          <County xsi:nil="true"></County>
          <Country xsi:nil="true"></Country>
          <Fax xsi:nil="true"></Fax>
          <FreightTermsCode xsi:nil="true"></FreightTermsCode>
          <ImportSequenceNumber xsi:nil="true"></ImportSequenceNumber>
          <Latitude xsi:nil="true"></Latitude>
          <Line1 xsi:nil="true"></Line1>
          <Line2 xsi:nil="true"></Line2>
          <Line3 xsi:nil="true"></Line3>
          <Longitude xsi:nil="true"></Longitude>
          <Name xsi:nil="true"></Name>
          <PostalCode xsi:nil="true"></PostalCode>
          <PostOfficeBox xsi:nil="true"></PostOfficeBox>
          <PrimaryContactName xsi:nil="true"></PrimaryContactName>
          <ShippingMethodCode>1</ShippingMethodCode>
          <StateOrProvince xsi:nil="true"></StateOrProvince>
          <Telephone1 xsi:nil="true"></Telephone1>
          <Telephone2 xsi:nil="true"></Telephone2>
          <Telephone3 xsi:nil="true"></Telephone3>
          <TimeZoneRuleVersionNumber xsi:nil="true"></TimeZoneRuleVersionNumber>
          <UPSZone xsi:nil="true"></UPSZone>
          <UTCOffset xsi:nil="true"></UTCOffset>
          <UTCConversionTimeZoneCode xsi:nil="true"></UTCConversionTimeZoneCode>
        </Address>
      </Addresses>
    </Publisher>
    <RootComponents>
      <RootComponent type="29" id="{2a4f7283-f7ba-ee11-a569-000d3aa9a3cc}" behavior="0" />
      <RootComponent type="300" schemaName="ntt_resumewizard_4d852" behavior="0" />
      <RootComponent type="401" id="{4522da39-2bf2-46f5-816e-769317f6b6f9}" behavior="0" />
    </RootComponents>
    <MissingDependencies>
      <MissingDependency>
        <Required type="1" schemaName="msdyn_aimodel" displayName="AI Model" solution="msdyn_AISolution (202404.2.26.3)">
          <package>msdyn_AISolutionAnchor (202404.2.26.3)</package>
        </Required>
        <Dependent type="300" schemaName="ntt_resumewizard_4d852" displayName="Resume Wizard" />
      </MissingDependency>
      <MissingDependency>
        <Required type="90" schemaName="Microsoft.Dynamics.AI.Plugins.CustomApis.AIPluginPredict, Microsoft.Dynamics.AI.Plugins, Version=1.0.0.0, Culture=neutral, PublicKeyToken=31bf3856ad364e35" displayName="Microsoft.Dynamics.AI.Plugins.CustomApis.AIPluginPredict" solution="msdyn_AISolution (202404.2.26.3)" id="{727e8789-bd29-46fa-b00a-3a49605eeb06}">
          <package>msdyn_AISolutionAnchor (202404.2.26.3)</package>
        </Required>
        <Dependent type="CustomAPI" displayName="msdyn_aibdptresumereviewprompt4522da392bf246f5816e769317f6b6f9" id.uniquename="msdyn_aibdptresumereviewprompt4522da392bf246f5816e769317f6b6f9" />
      </MissingDependency>
      <MissingDependency>
        <Required type="connectionreference" displayName="ntt_sharedcommondataserviceforapps_2f319" solution="Active" id.connectionreferencelogicalname="ntt_sharedcommondataserviceforapps_2f319" />
        <Dependent type="29" displayName="Resume Wizard Flow" id="{2a4f7283-f7ba-ee11-a569-000d3aa9a3cc}" />
      </MissingDependency>
    </MissingDependencies>
  </SolutionManifest>
</ImportExportXml>